[{"model": "admin.logentry", "pk": 1, "fields": {"action_time": "2023-12-01T09:33:42.225Z", "user": 1, "content_type": 16, "object_id": "1", "object_repr": "Payment Transaction 1 by cholo", "action_flag": 1, "change_message": "[{\"added\": {}}]"}}, {"model": "admin.logentry", "pk": 2, "fields": {"action_time": "2023-12-01T13:23:42.456Z", "user": 1, "content_type": 16, "object_id": "2", "object_repr": "Payment Transaction 2 by oloksy", "action_flag": 1, "change_message": "[{\"added\": {}}]"}}, {"model": "admin.logentry", "pk": 3, "fields": {"action_time": "2023-12-01T13:24:17.679Z", "user": 1, "content_type": 16, "object_id": "3", "object_repr": "Payment Transaction 3 by niyi", "action_flag": 1, "change_message": "[{\"added\": {}}]"}}, {"model": "admin.logentry", "pk": 4, "fields": {"action_time": "2023-12-02T14:02:07.423Z", "user": 1, "content_type": 17, "object_id": "1", "object_repr": "127.0.0.1:8000", "action_flag": 2, "change_message": "[{\"changed\": {\"fields\": [\"Domain name\", \"Display name\"]}}]"}}, {"model": "admin.logentry", "pk": 5, "fields": {"action_time": "2023-12-02T16:18:40.202Z", "user": 1, "content_type": 22, "object_id": "1", "object_repr": "auth-app-django", "action_flag": 1, "change_message": "[{\"added\": {}}]"}}, {"model": "admin.logentry", "pk": 6, "fields": {"action_time": "2023-12-02T16:29:45.556Z", "user": 1, "content_type": 22, "object_id": "1", "object_repr": "auth-app-django", "action_flag": 2, "change_message": "[]"}}, {"model": "admin.logentry", "pk": 7, "fields": {"action_time": "2023-12-02T16:33:33.471Z", "user": 1, "content_type": 22, "object_id": "1", "object_repr": "auth-app-django", "action_flag": 2, "change_message": "[]"}}, {"model": "admin.logentry", "pk": 8, "fields": {"action_time": "2023-12-02T16:39:49.076Z", "user": 1, "content_type": 17, "object_id": "1", "object_repr": "127.0.0.1:8000", "action_flag": 2, "change_message": "[]"}}, {"model": "auth.permission", "pk": 1, "fields": {"name": "Can add log entry", "content_type": 1, "codename": "add_logentry"}}, {"model": "auth.permission", "pk": 2, "fields": {"name": "Can change log entry", "content_type": 1, "codename": "change_logentry"}}, {"model": "auth.permission", "pk": 3, "fields": {"name": "Can delete log entry", "content_type": 1, "codename": "delete_logentry"}}, {"model": "auth.permission", "pk": 4, "fields": {"name": "Can view log entry", "content_type": 1, "codename": "view_logentry"}}, {"model": "auth.permission", "pk": 5, "fields": {"name": "Can add permission", "content_type": 2, "codename": "add_permission"}}, {"model": "auth.permission", "pk": 6, "fields": {"name": "Can change permission", "content_type": 2, "codename": "change_permission"}}, {"model": "auth.permission", "pk": 7, "fields": {"name": "Can delete permission", "content_type": 2, "codename": "delete_permission"}}, {"model": "auth.permission", "pk": 8, "fields": {"name": "Can view permission", "content_type": 2, "codename": "view_permission"}}, {"model": "auth.permission", "pk": 9, "fields": {"name": "Can add group", "content_type": 3, "codename": "add_group"}}, {"model": "auth.permission", "pk": 10, "fields": {"name": "Can change group", "content_type": 3, "codename": "change_group"}}, {"model": "auth.permission", "pk": 11, "fields": {"name": "Can delete group", "content_type": 3, "codename": "delete_group"}}, {"model": "auth.permission", "pk": 12, "fields": {"name": "Can view group", "content_type": 3, "codename": "view_group"}}, {"model": "auth.permission", "pk": 13, "fields": {"name": "Can add user", "content_type": 4, "codename": "add_user"}}, {"model": "auth.permission", "pk": 14, "fields": {"name": "Can change user", "content_type": 4, "codename": "change_user"}}, {"model": "auth.permission", "pk": 15, "fields": {"name": "Can delete user", "content_type": 4, "codename": "delete_user"}}, {"model": "auth.permission", "pk": 16, "fields": {"name": "Can view user", "content_type": 4, "codename": "view_user"}}, {"model": "auth.permission", "pk": 17, "fields": {"name": "Can add content type", "content_type": 5, "codename": "add_contenttype"}}, {"model": "auth.permission", "pk": 18, "fields": {"name": "Can change content type", "content_type": 5, "codename": "change_contenttype"}}, {"model": "auth.permission", "pk": 19, "fields": {"name": "Can delete content type", "content_type": 5, "codename": "delete_contenttype"}}, {"model": "auth.permission", "pk": 20, "fields": {"name": "Can view content type", "content_type": 5, "codename": "view_contenttype"}}, {"model": "auth.permission", "pk": 21, "fields": {"name": "Can add session", "content_type": 6, "codename": "add_session"}}, {"model": "auth.permission", "pk": 22, "fields": {"name": "Can change session", "content_type": 6, "codename": "change_session"}}, {"model": "auth.permission", "pk": 23, "fields": {"name": "Can delete session", "content_type": 6, "codename": "delete_session"}}, {"model": "auth.permission", "pk": 24, "fields": {"name": "Can view session", "content_type": 6, "codename": "view_session"}}, {"model": "auth.permission", "pk": 25, "fields": {"name": "Can add email address", "content_type": 7, "codename": "add_emailaddress"}}, {"model": "auth.permission", "pk": 26, "fields": {"name": "Can change email address", "content_type": 7, "codename": "change_emailaddress"}}, {"model": "auth.permission", "pk": 27, "fields": {"name": "Can delete email address", "content_type": 7, "codename": "delete_emailaddress"}}, {"model": "auth.permission", "pk": 28, "fields": {"name": "Can view email address", "content_type": 7, "codename": "view_emailaddress"}}, {"model": "auth.permission", "pk": 29, "fields": {"name": "Can add email confirmation", "content_type": 8, "codename": "add_emailconfirmation"}}, {"model": "auth.permission", "pk": 30, "fields": {"name": "Can change email confirmation", "content_type": 8, "codename": "change_emailconfirmation"}}, {"model": "auth.permission", "pk": 31, "fields": {"name": "Can delete email confirmation", "content_type": 8, "codename": "delete_emailconfirmation"}}, {"model": "auth.permission", "pk": 32, "fields": {"name": "Can view email confirmation", "content_type": 8, "codename": "view_emailconfirmation"}}, {"model": "auth.permission", "pk": 33, "fields": {"name": "Can add beneficiary", "content_type": 9, "codename": "add_beneficiary"}}, {"model": "auth.permission", "pk": 34, "fields": {"name": "Can change beneficiary", "content_type": 9, "codename": "change_beneficiary"}}, {"model": "auth.permission", "pk": 35, "fields": {"name": "Can delete beneficiary", "content_type": 9, "codename": "delete_beneficiary"}}, {"model": "auth.permission", "pk": 36, "fields": {"name": "Can view beneficiary", "content_type": 9, "codename": "view_beneficiary"}}, {"model": "auth.permission", "pk": 37, "fields": {"name": "Can add user", "content_type": 10, "codename": "add_customuser"}}, {"model": "auth.permission", "pk": 38, "fields": {"name": "Can change user", "content_type": 10, "codename": "change_customuser"}}, {"model": "auth.permission", "pk": 39, "fields": {"name": "Can delete user", "content_type": 10, "codename": "delete_customuser"}}, {"model": "auth.permission", "pk": 40, "fields": {"name": "Can view user", "content_type": 10, "codename": "view_customuser"}}, {"model": "auth.permission", "pk": 41, "fields": {"name": "Can add transaction", "content_type": 11, "codename": "add_transaction"}}, {"model": "auth.permission", "pk": 42, "fields": {"name": "Can change transaction", "content_type": 11, "codename": "change_transaction"}}, {"model": "auth.permission", "pk": 43, "fields": {"name": "Can delete transaction", "content_type": 11, "codename": "delete_transaction"}}, {"model": "auth.permission", "pk": 44, "fields": {"name": "Can view transaction", "content_type": 11, "codename": "view_transaction"}}, {"model": "auth.permission", "pk": 45, "fields": {"name": "Can add bank account", "content_type": 12, "codename": "add_bankaccount"}}, {"model": "auth.permission", "pk": 46, "fields": {"name": "Can change bank account", "content_type": 12, "codename": "change_bankaccount"}}, {"model": "auth.permission", "pk": 47, "fields": {"name": "Can delete bank account", "content_type": 12, "codename": "delete_bankaccount"}}, {"model": "auth.permission", "pk": 48, "fields": {"name": "Can view bank account", "content_type": 12, "codename": "view_bankaccount"}}, {"model": "auth.permission", "pk": 49, "fields": {"name": "Can add reason", "content_type": 13, "codename": "add_reason"}}, {"model": "auth.permission", "pk": 50, "fields": {"name": "Can change reason", "content_type": 13, "codename": "change_reason"}}, {"model": "auth.permission", "pk": 51, "fields": {"name": "Can delete reason", "content_type": 13, "codename": "delete_reason"}}, {"model": "auth.permission", "pk": 52, "fields": {"name": "Can view reason", "content_type": 13, "codename": "view_reason"}}, {"model": "auth.permission", "pk": 53, "fields": {"name": "Can add business", "content_type": 14, "codename": "add_business"}}, {"model": "auth.permission", "pk": 54, "fields": {"name": "Can change business", "content_type": 14, "codename": "change_business"}}, {"model": "auth.permission", "pk": 55, "fields": {"name": "Can delete business", "content_type": 14, "codename": "delete_business"}}, {"model": "auth.permission", "pk": 56, "fields": {"name": "Can view business", "content_type": 14, "codename": "view_business"}}, {"model": "auth.permission", "pk": 57, "fields": {"name": "Can add payment", "content_type": 15, "codename": "add_payment"}}, {"model": "auth.permission", "pk": 58, "fields": {"name": "Can change payment", "content_type": 15, "codename": "change_payment"}}, {"model": "auth.permission", "pk": 59, "fields": {"name": "Can delete payment", "content_type": 15, "codename": "delete_payment"}}, {"model": "auth.permission", "pk": 60, "fields": {"name": "Can view payment", "content_type": 15, "codename": "view_payment"}}, {"model": "auth.permission", "pk": 61, "fields": {"name": "Can add payment transaction", "content_type": 16, "codename": "add_paymenttransaction"}}, {"model": "auth.permission", "pk": 62, "fields": {"name": "Can change payment transaction", "content_type": 16, "codename": "change_paymenttransaction"}}, {"model": "auth.permission", "pk": 63, "fields": {"name": "Can delete payment transaction", "content_type": 16, "codename": "delete_paymenttransaction"}}, {"model": "auth.permission", "pk": 64, "fields": {"name": "Can view payment transaction", "content_type": 16, "codename": "view_paymenttransaction"}}, {"model": "auth.permission", "pk": 65, "fields": {"name": "Can add site", "content_type": 17, "codename": "add_site"}}, {"model": "auth.permission", "pk": 66, "fields": {"name": "Can change site", "content_type": 17, "codename": "change_site"}}, {"model": "auth.permission", "pk": 67, "fields": {"name": "Can delete site", "content_type": 17, "codename": "delete_site"}}, {"model": "auth.permission", "pk": 68, "fields": {"name": "Can view site", "content_type": 17, "codename": "view_site"}}, {"model": "auth.permission", "pk": 69, "fields": {"name": "Can add social application", "content_type": 18, "codename": "add_socialapp"}}, {"model": "auth.permission", "pk": 70, "fields": {"name": "Can change social application", "content_type": 18, "codename": "change_socialapp"}}, {"model": "auth.permission", "pk": 71, "fields": {"name": "Can delete social application", "content_type": 18, "codename": "delete_socialapp"}}, {"model": "auth.permission", "pk": 72, "fields": {"name": "Can view social application", "content_type": 18, "codename": "view_socialapp"}}, {"model": "auth.permission", "pk": 73, "fields": {"name": "Can add social account", "content_type": 19, "codename": "add_socialaccount"}}, {"model": "auth.permission", "pk": 74, "fields": {"name": "Can change social account", "content_type": 19, "codename": "change_socialaccount"}}, {"model": "auth.permission", "pk": 75, "fields": {"name": "Can delete social account", "content_type": 19, "codename": "delete_socialaccount"}}, {"model": "auth.permission", "pk": 76, "fields": {"name": "Can view social account", "content_type": 19, "codename": "view_socialaccount"}}, {"model": "auth.permission", "pk": 77, "fields": {"name": "Can add social application token", "content_type": 20, "codename": "add_socialtoken"}}, {"model": "auth.permission", "pk": 78, "fields": {"name": "Can change social application token", "content_type": 20, "codename": "change_socialtoken"}}, {"model": "auth.permission", "pk": 79, "fields": {"name": "Can delete social application token", "content_type": 20, "codename": "delete_socialtoken"}}, {"model": "auth.permission", "pk": 80, "fields": {"name": "Can view social application token", "content_type": 20, "codename": "view_socialtoken"}}, {"model": "auth.permission", "pk": 81, "fields": {"name": "Can add social account", "content_type": 21, "codename": "add_socialaccount"}}, {"model": "auth.permission", "pk": 82, "fields": {"name": "Can change social account", "content_type": 21, "codename": "change_socialaccount"}}, {"model": "auth.permission", "pk": 83, "fields": {"name": "Can delete social account", "content_type": 21, "codename": "delete_socialaccount"}}, {"model": "auth.permission", "pk": 84, "fields": {"name": "Can view social account", "content_type": 21, "codename": "view_socialaccount"}}, {"model": "auth.permission", "pk": 85, "fields": {"name": "Can add social application", "content_type": 22, "codename": "add_socialapp"}}, {"model": "auth.permission", "pk": 86, "fields": {"name": "Can change social application", "content_type": 22, "codename": "change_socialapp"}}, {"model": "auth.permission", "pk": 87, "fields": {"name": "Can delete social application", "content_type": 22, "codename": "delete_socialapp"}}, {"model": "auth.permission", "pk": 88, "fields": {"name": "Can view social application", "content_type": 22, "codename": "view_socialapp"}}, {"model": "auth.permission", "pk": 89, "fields": {"name": "Can add social application token", "content_type": 23, "codename": "add_socialtoken"}}, {"model": "auth.permission", "pk": 90, "fields": {"name": "Can change social application token", "content_type": 23, "codename": "change_socialtoken"}}, {"model": "auth.permission", "pk": 91, "fields": {"name": "Can delete social application token", "content_type": 23, "codename": "delete_socialtoken"}}, {"model": "auth.permission", "pk": 92, "fields": {"name": "Can view social application token", "content_type": 23, "codename": "view_socialtoken"}}, {"model": "auth.user", "pk": 1, "fields": {"password": "pbkdf2_sha256$600000$SfsGwIsK5rjo0sciNXVt55$jiziO+FNzEe+NohnPOss3zWJgK1v4Z6PfJUKpFNd0Kc=", "last_login": "2023-12-05T10:36:03.615Z", "is_superuser": true, "username": "cholo", "first_name": "", "last_name": "", "email": "", "is_staff": true, "is_active": true, "date_joined": "2023-12-01T09:32:29.680Z", "groups": [], "user_permissions": []}}, {"model": "auth.user", "pk": 2, "fields": {"password": "pbkdf2_sha256$600000$GxmAcd8DmzU1OKcDpykZxh$ed9rrHzkuS8csRm7HwzqZBYTDoEuNjF8bS+0Na7XjwY=", "last_login": null, "is_superuser": false, "username": "oloksy", "first_name": "", "last_name": "", "email": "hww@4.com", "is_staff": false, "is_active": true, "date_joined": "2023-12-01T11:15:51.008Z", "groups": [], "user_permissions": []}}, {"model": "auth.user", "pk": 3, "fields": {"password": "pbkdf2_sha256$600000$7ZPG4uRgL5zwF8uyUDFxmm$nzDT1RVlS/YW+Uw8m2CDzAZO4Dc7BDCtVT2VogOHax4=", "last_login": null, "is_superuser": false, "username": "oloksyyy", "first_name": "", "last_name": "", "email": "hww@4.com", "is_staff": false, "is_active": true, "date_joined": "2023-12-01T11:21:41.330Z", "groups": [], "user_permissions": []}}, {"model": "auth.user", "pk": 4, "fields": {"password": "pbkdf2_sha256$600000$DvMKoGkAYF0ZMeguAydlUI$I5IyFl01aRcJMVR5AbmPxyfdDSDQqMgwohJPgUyO1TM=", "last_login": null, "is_superuser": false, "username": "wale", "first_name": "", "last_name": "", "email": "wale234@gmail.com", "is_staff": false, "is_active": true, "date_joined": "2023-12-01T12:33:52.897Z", "groups": [], "user_permissions": []}}, {"model": "auth.user", "pk": 5, "fields": {"password": "pbkdf2_sha256$600000$wzC4tLVGJJ0wgX5RkW0UH2$l35NkzEMR4U2we27gzlZd+epUxA2dr0ahI4Np2KiT8A=", "last_login": "2023-12-01T12:36:05.139Z", "is_superuser": false, "username": "niyi", "first_name": "", "last_name": "", "email": "qd@gmail.com", "is_staff": false, "is_active": true, "date_joined": "2023-12-01T12:35:35.363Z", "groups": [], "user_permissions": []}}, {"model": "auth.user", "pk": 6, "fields": {"password": "pbkdf2_sha256$600000$NdUea2aBNbBatGY98gw4QW$0Zck+6UAhI0zpwIHxbcR6+3mOREBEz4Nlv8oE6d9oAc=", "last_login": "2023-12-01T14:44:08.727Z", "is_superuser": false, "username": "monisade", "first_name": "", "last_name": "", "email": "wale234@gmail.com", "is_staff": false, "is_active": true, "date_joined": "2023-12-01T14:43:55.328Z", "groups": [], "user_permissions": []}}, {"model": "auth.user", "pk": 7, "fields": {"password": "pbkdf2_sha256$600000$uxapOk0mqkWse1stFfSXa3$5sKpb9Bp8HJIRUkszB1514IMks/7Ddr6MHW2CNsNNAE=", "last_login": null, "is_superuser": false, "username": "oloksy222", "first_name": "", "last_name": "", "email": "q@j.com", "is_staff": false, "is_active": true, "date_joined": "2023-12-02T08:41:55.044Z", "groups": [], "user_permissions": []}}, {"model": "auth.user", "pk": 8, "fields": {"password": "pbkdf2_sha256$600000$ubvaH1IOKdaE4T7DyhAQoV$EtHEfCAal6g+xH3/53dbtWNGvYy4y06fwaqfspR7ryg=", "last_login": null, "is_superuser": false, "username": "mimo", "first_name": "", "last_name": "", "email": "hww@4.com", "is_staff": false, "is_active": true, "date_joined": "2023-12-02T08:42:23.992Z", "groups": [], "user_permissions": []}}, {"model": "auth.user", "pk": 9, "fields": {"password": "pbkdf2_sha256$600000$L05jKp4d0WHhRAF9w63DXM$+1jcTpiRJ2UKZx7ED/m1tXxOBL1D3q236XrA9LA7cDg=", "last_login": null, "is_superuser": true, "username": "idris", "first_name": "", "last_name": "", "email": "", "is_staff": true, "is_active": true, "date_joined": "2023-12-02T13:28:12.761Z", "groups": [], "user_permissions": []}}, {"model": "auth.user", "pk": 10, "fields": {"password": "pbkdf2_sha256$600000$sAa1qpoFxpQCWFqpWdn02K$JPgylUcCP1fZ/yDZqxx3lPeJB3aa0f0FO9wajxEUL2s=", "last_login": null, "is_superuser": true, "username": "cb", "first_name": "", "last_name": "", "email": "", "is_staff": true, "is_active": true, "date_joined": "2023-12-02T13:37:04.770Z", "groups": [], "user_permissions": []}}, {"model": "auth.user", "pk": 11, "fields": {"password": "!K5a4ObkLX1QsGoi67AMdb96jcxGW2Q37rIBAUC0z", "last_login": "2023-12-05T13:52:01.040Z", "is_superuser": false, "username": "wale8", "first_name": "Wale", "last_name": "Olokunola", "email": "", "is_staff": false, "is_active": true, "date_joined": "2023-12-02T17:09:05.083Z", "groups": [], "user_permissions": []}}, {"model": "auth.user", "pk": 12, "fields": {"password": "pbkdf2_sha256$600000$o64SZ3MdzHPeG57XJcCVMS$TRwRVkUlzGi2D07O0BCz3/EewWl+IakMT971xh6KzOA=", "last_login": "2023-12-03T06:29:21.204Z", "is_superuser": false, "username": "dremodrizzy", "first_name": "", "last_name": "", "email": "bunu@gmail.com", "is_staff": false, "is_active": true, "date_joined": "2023-12-03T06:19:10.852Z", "groups": [], "user_permissions": []}}, {"model": "auth.user", "pk": 13, "fields": {"password": "pbkdf2_sha256$600000$OgAbvZdgMbAghVB28e9kTy$K5Zx0nt1c/AWTMnZQ9Z5pN/10zLga2FnH4rhpKysQDo=", "last_login": null, "is_superuser": false, "username": "idrisww", "first_name": "", "last_name": "", "email": "hww@4.com", "is_staff": false, "is_active": true, "date_joined": "2023-12-04T08:02:35.489Z", "groups": [], "user_permissions": []}}, {"model": "auth.user", "pk": 14, "fields": {"password": "pbkdf2_sha256$600000$FFCKU6lCykzVEtIGZzC8uN$EXnd9Q40qNOnSDse4c9pTkhnr2N0pHe4FhnXlce9eII=", "last_login": "2023-12-04T12:47:20.206Z", "is_superuser": false, "username": "igodie", "first_name": "", "last_name": "", "email": "igodie@se.com", "is_staff": false, "is_active": true, "date_joined": "2023-12-04T08:11:27.202Z", "groups": [], "user_permissions": []}}, {"model": "auth.user", "pk": 15, "fields": {"password": "pbkdf2_sha256$600000$d9Vo3ZxVos0hrYGLmAQ1Us$Wo11ll0AdollV0RbZexSlfWXJgbQfG3nn98LmT88at0=", "last_login": null, "is_superuser": false, "username": "monke", "first_name": "", "last_name": "", "email": "waleyolokunola@gmail.com", "is_staff": false, "is_active": true, "date_joined": "2023-12-05T07:02:06.874Z", "groups": [], "user_permissions": []}}, {"model": "auth.user", "pk": 16, "fields": {"password": "!LX5YnHJ5wFZ8SHJI5Q3ts4lTuOE6soMWzDyS0fYX", "last_login": "2023-12-05T07:52:56.722Z", "is_superuser": false, "username": "uk_drill", "first_name": "Uk drill", "last_name": "reports", "email": "", "is_staff": false, "is_active": true, "date_joined": "2023-12-05T07:45:04.356Z", "groups": [], "user_permissions": []}}, {"model": "contenttypes.contenttype", "pk": 1, "fields": {"app_label": "admin", "model": "logentry"}}, {"model": "contenttypes.contenttype", "pk": 2, "fields": {"app_label": "auth", "model": "permission"}}, {"model": "contenttypes.contenttype", "pk": 3, "fields": {"app_label": "auth", "model": "group"}}, {"model": "contenttypes.contenttype", "pk": 4, "fields": {"app_label": "auth", "model": "user"}}, {"model": "contenttypes.contenttype", "pk": 5, "fields": {"app_label": "contenttypes", "model": "contenttype"}}, {"model": "contenttypes.contenttype", "pk": 6, "fields": {"app_label": "sessions", "model": "session"}}, {"model": "contenttypes.contenttype", "pk": 7, "fields": {"app_label": "account", "model": "emailaddress"}}, {"model": "contenttypes.contenttype", "pk": 8, "fields": {"app_label": "account", "model": "emailconfirmation"}}, {"model": "contenttypes.contenttype", "pk": 9, "fields": {"app_label": "beneficiary", "model": "beneficiary"}}, {"model": "contenttypes.contenttype", "pk": 10, "fields": {"app_label": "users", "model": "customuser"}}, {"model": "contenttypes.contenttype", "pk": 11, "fields": {"app_label": "transactiontype", "model": "transaction"}}, {"model": "contenttypes.contenttype", "pk": 12, "fields": {"app_label": "bank", "model": "bankaccount"}}, {"model": "contenttypes.contenttype", "pk": 13, "fields": {"app_label": "bank", "model": "reason"}}, {"model": "contenttypes.contenttype", "pk": 14, "fields": {"app_label": "business", "model": "business"}}, {"model": "contenttypes.contenttype", "pk": 15, "fields": {"app_label": "payment", "model": "payment"}}, {"model": "contenttypes.contenttype", "pk": 16, "fields": {"app_label": "payment", "model": "paymenttransaction"}}, {"model": "contenttypes.contenttype", "pk": 17, "fields": {"app_label": "sites", "model": "site"}}, {"model": "contenttypes.contenttype", "pk": 18, "fields": {"app_label": "allauth", "model": "socialapp"}}, {"model": "contenttypes.contenttype", "pk": 19, "fields": {"app_label": "allauth", "model": "socialaccount"}}, {"model": "contenttypes.contenttype", "pk": 20, "fields": {"app_label": "allauth", "model": "socialtoken"}}, {"model": "contenttypes.contenttype", "pk": 21, "fields": {"app_label": "socialaccount", "model": "socialaccount"}}, {"model": "contenttypes.contenttype", "pk": 22, "fields": {"app_label": "socialaccount", "model": "socialapp"}}, {"model": "contenttypes.contenttype", "pk": 23, "fields": {"app_label": "socialaccount", "model": "socialtoken"}}, {"model": "sessions.session", "pk": "0r2yahuuzq5bvqsdyri7biysjujl5f86", "fields": {"session_data": ".eJxVj80KgzAQhN8l5yL5__HWvkhY4wZD0wia9FL67tViKR5nZvcb5kUghLmV6p-4pJhw9PiAlElfWs4X4qHVybcVF59G0hOmyckcINyx7AnkvNvdweu-N0e8dtdNYakpQE1zuR1fJ9QE67RxrAkoHRfROWODicJFoThIPkRDrZQanFQKOQQKTisU0YiRUxaBx6BAbNDfJPiXbrugkp4ZyozmgspOGGspde8P7lRVxA:1rAQ76:ZBdARDX559usDJdrdLH0RL9zD8gCNxp38yFlJu-fhMo", "expire_date": "2023-12-05T07:50:04.388Z"}}, {"model": "sessions.session", "pk": "21bs01wao1vk22r6z1ugqf94tio7fkya", "fields": {"session_data": "eyJzb2NpYWxhY2NvdW50X3N0YXRlIjpbeyJwcm9jZXNzIjoibG9naW4iLCJzY29wZSI6IiIsImF1dGhfcGFyYW1zIjoiIn0sIkdrYzh6UkdQMFloM3FHTUciXX0:1rARqJ:zCoYPk6hrauasPW4-J4O8n-wGwpF2vpSQWr866nz1TE", "expire_date": "2023-12-05T09:40:51.112Z"}}, {"model": "sessions.session", "pk": "3gyche3c81io0e3ltyyqy1qqb9pcv43x", "fields": {"session_data": ".eJxVjksOgzAMRO-SdRXZ-RBg114kcpwgUFGQSlhVvXsJyqJdWTNjv_FbeDrK7I89vfwSxSgQxe3XDMTPlGtC61ptSczbkYu8dlq8y_upUi4LU1m2_GhXf6iZ9rlygE2IekKHZHSiAGoCdshBTaHTWg0c2PRWkWXqKdqkjOr5nEDRxQptL1zsVpqipyJGdICuwwFAautsN3y-N2NLmg:1rAQ0a:y6HdMssO2RYSGPTr_dBIbHb2ObtiouCqeapIaAi0WdY", "expire_date": "2023-12-05T07:43:20.367Z"}}, {"model": "sessions.session", "pk": "9n3x78gd6nxiv5xn74szij0ftv7fzh4q", "fields": {"session_data": ".eJxVjrEOwyAMRP-FuULYkBCytT-CjCFK1IhIDZmq_ntDxNBO1t3Z7_wWno4y-2NPL79EMQoAcfs1A_Ez5ZrQulZbEvN25CKvnRbv8n6qlMvCVJYtP9rVH2qmfa4cxSZEPYEFMjpRUDgptsABp9BrjY4Dm6FD6pgGil1CgwOfU1G0sULbCxe7laboqYgRrAKLSiFKa3oHzn2-gn5Lyg:1rAF78:G200SpKAC4F9bXuZDvfA99InRXCXeOwZrNVGXgdRM9w", "expire_date": "2023-12-04T20:05:22.748Z"}}, {"model": "sessions.session", "pk": "a3can5b9zostnsp315mrtink72q2083x", "fields": {"session_data": ".eJxVjsEOgyAMht-F80JKAVFv24uQUjCaGUwmnpa9-8Rw2A5N0_9vv79v4ekosz_29PJLFKNQStx-xUD8TLk6tK5VlsS8HbnIa6fZu7yfU8plYSrLlh_t6g810z5XDrAJUU_KKTI6UQCcgJ3igFPotMaBA5veIlmmnqJNaLDnswNFFyu0vXCxW2iKnooYlQPlrD1LAuDQDZ8vN2VLmA:1rAOGF:vVEzGQE1DInPsue43bTlQJ-iHTwjDmC_XKeJEm-gnPA", "expire_date": "2023-12-05T05:51:23.109Z"}}, {"model": "sessions.session", "pk": "e0wcnfcny587tu1agwn85w95yzvrseh2", "fields": {"session_data": ".eJxVjksOwyAMRO_CukKYT6DZNRdBxhAlakSkBlZV794QsWhX1szYb_xmHmtZfD3Sy6-RjQyA3X7NgPRMuSW4bc3mSLTXXPi10-ODP06VclkJy7rnqV_9oRY8lsYRpENUM1hArRIGIWdBFijIOQxKyTsF0s5INIQOo0lSS0fnFBhtbND-wsXupSl6LGwEK8AaPQzAndNKKPf5AoMoS88:1rAO7p:RRZimjxuB8nj_kNwll-YVBp-qjt8cKkwM3pbLiByXx0", "expire_date": "2023-12-05T05:42:41.896Z"}}, {"model": "sessions.session", "pk": "ksjhv2zxrd0dgypvw6i69h0cgo2osgzk", "fields": {"session_data": ".eJxVjEEOwiAQRe_C2hCggIxL956hGWZGqRpISrsy3l2bdKHb_977LzXiupRx7TKPE6uTsurwu2Wkh9QN8B3rrWlqdZmnrDdF77TrS2N5nnf376BgL9_aGGchG_BJMHrGgdFgdhlMHlwESP4KQhJJKBxtlBAwWQAXLNtIhOr9Adi0N80:1r90Ie:ugvfVlCyEyQ_kyDaA0QsZxoEcjNSw9pNEiGYO0zqWqs", "expire_date": "2023-12-15T09:59:08.490Z"}}, {"model": "sessions.session", "pk": "of1zdnejg6ubgzaprji826qhn2tq0km2", "fields": {"session_data": ".eJxVjMEOwiAQRP-FsyG2lG7x6N1vILvLIlUDSWlPxn-3JD1o5jbvzbyVx21Nfquy-Dmoi-oGdfotCfkpuZHwwHwvmktel5l0U_RBq76VIK_r4f4dJKyprWPHgFbozBAnmUwUAxYJDMsegBHAGY7oeADqKVjq0UVrZNxVNOrzBURZOZw:1rA8M4:dl_TlhR5uGB_LPdWDpQVkVyX0kgnLyMSVoD6g53IOnQ", "expire_date": "2023-12-04T12:52:20.236Z"}}, {"model": "sessions.session", "pk": "pnnioh96j495d3ayufy21e0rtu7iml1h", "fields": {"session_data": ".eJxVjEEOwiAQRe_C2hCggIxL956hGWZGqRpISrsy3l2bdKHb_977LzXiupRx7TKPE6uTsurwu2Wkh9QN8B3rrWlqdZmnrDdF77TrS2N5nnf376BgL9_aGGchG_BJMHrGgdFgdhlMHlwESP4KQhJJKBxtlBAwWQAXLNtIhOr9Adi0N80:1rAQA3:CnHoqPET6LKrVQVfr0lYYJ0ZB4uEcBlF-su9l9ZImBM", "expire_date": "2023-12-05T07:53:07.167Z"}}, {"model": "sessions.session", "pk": "sj4r2opfb7bt7xrt3bdrhle7kj1092l9", "fields": {"session_data": ".eJxVjMEOwiAQRP-FsyG2lG7x6N1vILvLIlUDSWlPxn-3JD1o5jbvzbyVx21Nfquy-Dmoi-oGdfotCfkpuZHwwHwvmktel5l0U_RBq76VIK_r4f4dJKyprWPHgFbozBAnmUwUAxYJDMsegBHAGY7oeADqKVjq0UVrZNxVNOrzBURZOZw:1rA70l:CzwmkZEcncSo1YymhCI3e6NW19Vcd8-pEFqX4WhG9-Q", "expire_date": "2023-12-04T11:26:15.937Z"}}, {"model": "sessions.session", "pk": "txx9jbohmgvd4whsvsyxoevrwy66bo4c", "fields": {"session_data": "eyJzb2NpYWxhY2NvdW50X3N0YXRlIjpbeyJwcm9jZXNzIjoibG9naW4iLCJzY29wZSI6IiIsImF1dGhfcGFyYW1zIjoiIn0sImh0M1FyNFhpTkNyb2xidkMiXX0:1rAPvV:S6jyMLqdoKbqq3ecfgK3q43YZQB-X3dKQ1PbauDtRKU", "expire_date": "2023-12-05T07:38:05.582Z"}}, {"model": "sessions.session", "pk": "ybmfcdqyn8o1de212vksgdaqqsfttfxx", "fields": {"session_data": ".eJxVjksOwyAMRO_CukKYT6DZNRdBxhAlakSkBlZV794QsWhX1szYb_xmHmtZfD3Sy6-RjQyA3X7NgPRMuSW4bc3mSLTXXPi10-ODP06VclkJy7rnqV_9oRY8lsYRpENUM1hArRIGIWdBFijIOQxKyTsF0s5INIQOo0lSS0fnFBhtbND-wsXupSl6LGwEK8AaPQzAldNgP1_sLEtk:1rAO7p:EUOpuCRML0lUrVi7Yx46GUpAwThiaWj2wLDbYOZWwBQ", "expire_date": "2023-12-05T05:42:41.385Z"}}, {"model": "sessions.session", "pk": "yt5u4mb991a419ro922f9futrlng3t1f", "fields": {"session_data": "eyJzb2NpYWxhY2NvdW50X3N0YXRlIjpbeyJuZXh0IjoiL2Rhc2hib2FyZC8iLCJwcm9jZXNzIjoibG9naW4iLCJzY29wZSI6IiIsImF1dGhfcGFyYW1zIjoiIn0sIllJdjdYYXBjZGcydVRPRUsiXX0:1rAQFI:6hm4h-BsuijES7d_kxJt8VWHaR998sze6EIdPmEpb7g", "expire_date": "2023-12-05T07:58:32.884Z"}}, {"model": "sites.site", "pk": 1, "fields": {"domain": "127.0.0.1:8000", "name": "127.0.0.1:8000"}}, {"model": "account.emailaddress", "pk": 1, "fields": {"user": 15, "email": "waleyolokunola@gmail.com", "verified": false, "primary": true}}, {"model": "socialaccount.socialapp", "pk": 1, "fields": {"provider": "google", "provider_id": "google-api", "name": "auth-app-django", "client_id": "1094694106685-2g1864jr2fhtidf09m7a8vqbs5od9lpl.apps.googleusercontent.com", "secret": "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", "key": "", "settings": {}, "sites": [1]}}, {"model": "socialaccount.socialaccount", "pk": 1, "fields": {"user": 11, "provider": "google-api", "uid": "102460388081648895311", "last_login": "2023-12-05T13:52:01.031Z", "date_joined": "2023-12-02T17:09:05.093Z", "extra_data": {"iss": "https://accounts.google.com", "azp": "1094694106685-2g1864jr2fhtidf09m7a8vqbs5od9lpl.apps.googleusercontent.com", "aud": "1094694106685-2g1864jr2fhtidf09m7a8vqbs5od9lpl.apps.googleusercontent.com", "sub": "102460388081648895311", "at_hash": "uukIrUokQPYemn1FQRqtpw", "name": "Wale Olokunola", "picture": "https://lh3.googleusercontent.com/a/ACg8ocIDiVsrE9eufW5Lyxh-e9WIXGmrV8HX7kpAFUyG2W1ZUvw=s96-c", "given_name": "Wale", "family_name": "Olokunola", "locale": "en-GB", "iat": 1701784321, "exp": 1701787921}}}, {"model": "socialaccount.socialaccount", "pk": 2, "fields": {"user": 16, "provider": "google-api", "uid": "101267841179801912274", "last_login": "2023-12-05T07:52:56.711Z", "date_joined": "2023-12-05T07:45:04.371Z", "extra_data": {"iss": "https://accounts.google.com", "azp": "1094694106685-2g1864jr2fhtidf09m7a8vqbs5od9lpl.apps.googleusercontent.com", "aud": "1094694106685-2g1864jr2fhtidf09m7a8vqbs5od9lpl.apps.googleusercontent.com", "sub": "101267841179801912274", "at_hash": "H6RjzODu-1yuLs45bQkHOw", "name": "Uk drill reports", "picture": "https://lh3.googleusercontent.com/a/ACg8ocJV0ZVjTSEOiW_9z7rmB1JNkc8EUR_E5GFg_gVI9iyV1w=s96-c", "given_name": "Uk drill", "family_name": "reports", "locale": "en-GB", "iat": 1701762776, "exp": 1701766376}}}, {"model": "beneficiary.beneficiary", "pk": 1, "fields": {"user": 1, "name": "", "account_number": "", "bank_name": "", "country": "", "swift_code": "", "iban": "", "address": null}}, {"model": "beneficiary.beneficiary", "pk": 2, "fields": {"user": 6, "name": "bareK OBAMA", "account_number": "0014302204", "bank_name": "wells fargo", "country": "usa", "swift_code": "12345", "iban": "1234", "address": null}}, {"model": "beneficiary.beneficiary", "pk": 3, "fields": {"user": 6, "name": "bareK OBAMA", "account_number": "0014302204", "bank_name": "wells fargo", "country": "usa", "swift_code": "12345", "iban": "1234", "address": null}}, {"model": "beneficiary.beneficiary", "pk": 4, "fields": {"user": 1, "name": "edqsa", "account_number": "cwdwd", "bank_name": "dwddc", "country": "wddcwdc", "swift_code": "cwwdw", "iban": "dwddwcw", "address": null}}, {"model": "beneficiary.beneficiary", "pk": 5, "fields": {"user": 1, "name": "oloksy", "account_number": "0014302204c", "bank_name": "cwcwdc", "country": "cwdcwc", "swift_code": "cqscqscs", "iban": "dcccq", "address": null}}, {"model": "beneficiary.beneficiary", "pk": 6, "fields": {"user": 1, "name": "", "account_number": "", "bank_name": "", "country": "", "swift_code": "", "iban": "", "address": null}}, {"model": "beneficiary.beneficiary", "pk": 7, "fields": {"user": 1, "name": "", "account_number": "", "bank_name": "", "country": "", "swift_code": "", "iban": "", "address": null}}, {"model": "beneficiary.beneficiary", "pk": 8, "fields": {"user": 1, "name": "", "account_number": "", "bank_name": "", "country": "", "swift_code": "", "iban": "", "address": null}}, {"model": "beneficiary.beneficiary", "pk": 9, "fields": {"user": 1, "name": "", "account_number": "", "bank_name": "", "country": "", "swift_code": "", "iban": "", "address": null}}, {"model": "beneficiary.beneficiary", "pk": 10, "fields": {"user": 1, "name": "", "account_number": "", "bank_name": "", "country": "", "swift_code": "", "iban": "", "address": null}}, {"model": "beneficiary.beneficiary", "pk": 11, "fields": {"user": 1, "name": "", "account_number": "", "bank_name": "", "country": "", "swift_code": "", "iban": "", "address": null}}, {"model": "beneficiary.beneficiary", "pk": 12, "fields": {"user": 1, "name": "32", "account_number": "", "bank_name": "", "country": "", "swift_code": "", "iban": "", "address": null}}, {"model": "beneficiary.beneficiary", "pk": 13, "fields": {"user": 1, "name": "32", "account_number": "", "bank_name": "", "country": "", "swift_code": "", "iban": "", "address": null}}, {"model": "beneficiary.beneficiary", "pk": 14, "fields": {"user": 1, "name": "", "account_number": "", "bank_name": "", "country": "", "swift_code": "", "iban": "", "address": null}}, {"model": "beneficiary.beneficiary", "pk": 15, "fields": {"user": 1, "name": "qw", "account_number": "", "bank_name": "", "country": "", "swift_code": "", "iban": "", "address": null}}, {"model": "beneficiary.beneficiary", "pk": 16, "fields": {"user": 1, "name": "qw", "account_number": "qwd", "bank_name": "dqeeq", "country": "eqqe", "swift_code": "eqeq", "iban": "qeeqeq", "address": null}}, {"model": "beneficiary.beneficiary", "pk": 17, "fields": {"user": 1, "name": "", "account_number": "", "bank_name": "", "country": "", "swift_code": "", "iban": "", "address": null}}, {"model": "beneficiary.beneficiary", "pk": 18, "fields": {"user": 1, "name": "", "account_number": "", "bank_name": "", "country": "", "swift_code": "", "iban": "", "address": null}}, {"model": "beneficiary.beneficiary", "pk": 19, "fields": {"user": 1, "name": "", "account_number": "", "bank_name": "", "country": "", "swift_code": "", "iban": "", "address": null}}, {"model": "beneficiary.beneficiary", "pk": 20, "fields": {"user": 1, "name": "", "account_number": "", "bank_name": "", "country": "", "swift_code": "", "iban": "", "address": null}}, {"model": "payment.paymenttransaction", "pk": 1, "fields": {"user": 1, "beneficiaryAccountNumber": "0014302204", "toCurrency": "da", "sendAmount": "2222.00", "beneficiaryName": "qssqz", "bankName": "xsxx", "swift": "sqqsx", "totalAmountWithFee": "233.00", "iban": "211", "feeAmount": "1111.00", "fromCurrency": "111", "country": "1sasq", "recipientAmount": "2300.00", "is_completed": false}}, {"model": "payment.paymenttransaction", "pk": 2, "fields": {"user": 2, "beneficiaryAccountNumber": "0014302204", "toCurrency": "da", "sendAmount": "2.00", "beneficiaryName": "22", "bankName": "23", "swift": "2323", "totalAmountWithFee": "2332.00", "iban": "2322", "feeAmount": "222.00", "fromCurrency": "23d", "country": "223", "recipientAmount": "32232.00", "is_completed": false}}, {"model": "payment.paymenttransaction", "pk": 3, "fields": {"user": 5, "beneficiaryAccountNumber": "0014302204", "toCurrency": "da", "sendAmount": "22.00", "beneficiaryName": "33", "bankName": "access bank", "swift": "cwcwdc", "totalAmountWithFee": "223.00", "iban": "323", "feeAmount": "3232.00", "fromCurrency": "323", "country": "2323", "recipientAmount": "32323.00", "is_completed": false}}, {"model": "payment.paymenttransaction", "pk": 4, "fields": {"user": 1, "beneficiaryAccountNumber": "", "toCurrency": "CAD", "sendAmount": "88.00", "beneficiaryName": "", "bankName": "", "swift": "", "totalAmountWithFee": "88.60", "iban": "", "feeAmount": "0.60", "fromCurrency": "USD", "country": "", "recipientAmount": "119.48", "is_completed": false}}, {"model": "payment.paymenttransaction", "pk": 5, "fields": {"user": 6, "beneficiaryAccountNumber": "0014302204", "toCurrency": "USD", "sendAmount": "50000000.00", "beneficiaryName": "bareK OBAMA", "bankName": "wells fargo", "swift": "12345", "totalAmountWithFee": "50000306.75", "iban": "1234", "feeAmount": "306.75", "fromCurrency": "NGN", "country": "usa", "recipientAmount": "61350.00", "is_completed": false}}, {"model": "payment.paymenttransaction", "pk": 6, "fields": {"user": 1, "beneficiaryAccountNumber": "cwdwd", "toCurrency": "CAD", "sendAmount": "45.00", "beneficiaryName": "edqsa", "bankName": "dwddc", "swift": "cwwdw", "totalAmountWithFee": "45.30", "iban": "dwddwcw", "feeAmount": "0.30", "fromCurrency": "USD", "country": "wddcwdc", "recipientAmount": "60.80", "is_completed": false}}, {"model": "payment.paymenttransaction", "pk": 7, "fields": {"user": 1, "beneficiaryAccountNumber": "cwdwd", "toCurrency": "CAD", "sendAmount": "45.00", "beneficiaryName": "edqsa", "bankName": "dwddc", "swift": "cwwdw", "totalAmountWithFee": "45.30", "iban": "dwddwcw", "feeAmount": "0.30", "fromCurrency": "USD", "country": "wddcwdc", "recipientAmount": "60.80", "is_completed": false}}, {"model": "payment.paymenttransaction", "pk": 8, "fields": {"user": 1, "beneficiaryAccountNumber": "0014302204c", "toCurrency": "CAD", "sendAmount": "22.00", "beneficiaryName": "oloksy", "bankName": "cwcwdc", "swift": "cqscqscs", "totalAmountWithFee": "22.15", "iban": "dcccq", "feeAmount": "0.15", "fromCurrency": "USD", "country": "cwdcwc", "recipientAmount": "29.72", "is_completed": false}}]